target_id,repo,file,line,containing_type,method,receiver_type,kind
OpenRA:0003,OpenRA,OpenRA.Game/Map/MapPreview.cs,672,System.Net.Http.HttpClient,GetAsync,System.Net.Http.HttpClient,NonVirtual
OpenRA:0006,OpenRA,OpenRA.Mods.Common/ItchIntegration.cs,66,System.Net.Http.HttpClient,GetAsync,System.Net.Http.HttpClient,NonVirtual
OpenRA:0007,OpenRA,OpenRA.Mods.Common/ServerTraits/MasterServerPinger.cs,154,System.Net.Http.HttpClient,PostAsync,System.Net.Http.HttpClient,NonVirtual
OpenRA:0008,OpenRA,OpenRA.Mods.Common/WebServices.cs,47,System.Net.Http.HttpClient,GetAsync,System.Net.Http.HttpClient,NonVirtual
OpenRA:0010,OpenRA,OpenRA.Mods.Common/Widgets/Logic/Installation/DownloadPackageLogic.cs,304,System.Net.Http.HttpClient,GetAsync,System.Net.Http.HttpClient,NonVirtual
OpenRA:0012,OpenRA,OpenRA.Mods.Common/Widgets/Logic/RegisteredProfileTooltipLogic.cs,63,System.Net.Http.HttpClient,GetAsync,System.Net.Http.HttpClient,NonVirtual
OpenRA:0013,OpenRA,OpenRA.Mods.Common/Widgets/Logic/ServerListLogic.cs,460,System.Net.Http.HttpClient,GetAsync,System.Net.Http.HttpClient,NonVirtual
abp:0054,abp,framework/src/Volo.Abp.AspNetCore.SignalR/Volo/Abp/AspNetCore/SignalR/Auditing/AbpAuditHubFilter.cs,101,Microsoft.Extensions.DependencyInjection.ServiceProviderServiceExtensions,GetRequiredService,System.IServiceProvider,Extension
abp:0059,abp,framework/src/Volo.Abp.AspNetCore.SignalR/Volo/Abp/AspNetCore/SignalR/Authentication/AbpAuthenticationHubFilter.cs,42,Microsoft.Extensions.DependencyInjection.ServiceProviderServiceExtensions,GetRequiredService,System.IServiceProvider,Extension
abp:0100,abp,framework/src/Volo.Abp.Authorization/Volo/Abp/Authorization/Permissions/RequirePermissionsSimpleStateChecker.cs,24,Microsoft.Extensions.DependencyInjection.ServiceProviderServiceExtensions,GetRequiredService,System.IServiceProvider,Extension
abp:0112,abp,framework/src/Volo.Abp.BackgroundJobs/Volo/Abp/BackgroundJobs/BackgroundJobWorker.cs,44,Microsoft.Extensions.DependencyInjection.ServiceProviderServiceExtensions,GetRequiredService,System.IServiceProvider,Extension
abp:0147,abp,framework/src/Volo.Abp.Cli.Core/Volo/Abp/Cli/Bundling/BundlingService.cs,112,Microsoft.Extensions.Logging.LoggerExtensions,LogInformation,Microsoft.Extensions.Logging.ILogger,Extension
abp:0158,abp,framework/src/Volo.Abp.Cli.Core/Volo/Abp/Cli/CliService.cs,325,Microsoft.Extensions.Logging.LoggerExtensions,LogWarning,Microsoft.Extensions.Logging.ILogger,Extension
abp:0167,abp,framework/src/Volo.Abp.Cli.Core/Volo/Abp/Cli/Commands/CleanCommand.cs,55,Microsoft.Extensions.Logging.LoggerExtensions,LogInformation,Microsoft.Extensions.Logging.ILogger,Extension
abp:0180,abp,framework/src/Volo.Abp.Cli.Core/Volo/Abp/Cli/Commands/GenerateRazorPage.cs,39,Microsoft.Extensions.Logging.LoggerExtensions,LogInformation,Microsoft.Extensions.Logging.ILogger,Extension
abp:0192,abp,framework/src/Volo.Abp.Cli.Core/Volo/Abp/Cli/Commands/HelpCommand.cs,53,Microsoft.Extensions.Logging.LoggerExtensions,LogInformation,Microsoft.Extensions.Logging.ILogger,Extension
abp:0195,abp,framework/src/Volo.Abp.Cli.Core/Volo/Abp/Cli/Commands/ListModulesCommand.cs,59,Microsoft.Extensions.Logging.LoggerExtensions,LogInformation,Microsoft.Extensions.Logging.ILogger,Extension
abp:0204,abp,framework/src/Volo.Abp.Cli.Core/Volo/Abp/Cli/Commands/LoginCommand.cs,137,Microsoft.Extensions.Logging.LoggerExtensions,LogError,Microsoft.Extensions.Logging.ILogger,Extension
abp:0205,abp,framework/src/Volo.Abp.Cli.Core/Volo/Abp/Cli/Commands/LoginInfoCommand.cs,29,Microsoft.Extensions.Logging.LoggerExtensions,LogError,Microsoft.Extensions.Logging.ILogger,Extension
abp:0207,abp,framework/src/Volo.Abp.Cli.Core/Volo/Abp/Cli/Commands/LoginInfoCommand.cs,49,Microsoft.Extensions.Logging.LoggerExtensions,LogInformation,Microsoft.Extensions.Logging.ILogger,Extension
abp:0212,abp,framework/src/Volo.Abp.Cli.Core/Volo/Abp/Cli/Commands/NewCommand.cs,95,Microsoft.Extensions.Logging.LoggerExtensions,LogInformation,Microsoft.Extensions.Logging.ILogger,Extension
abp:0215,abp,framework/src/Volo.Abp.Cli.Core/Volo/Abp/Cli/Commands/ProjectCreationCommandBase.cs,84,Microsoft.Extensions.Logging.LoggerExtensions,LogInformation,Microsoft.Extensions.Logging.ILogger,Extension
abp:0219,abp,framework/src/Volo.Abp.Cli.Core/Volo/Abp/Cli/Commands/ProjectCreationCommandBase.cs,119,Microsoft.Extensions.Logging.LoggerExtensions,LogInformation,Microsoft.Extensions.Logging.ILogger,Extension
abp:0239,abp,framework/src/Volo.Abp.Cli.Core/Volo/Abp/Cli/Commands/Services/DotnetEfToolManager.cs,37,Microsoft.Extensions.Logging.LoggerExtensions,LogInformation,Microsoft.Extensions.Logging.ILogger,Extension
abp:0255,abp,framework/src/Volo.Abp.Cli.Core/Volo/Abp/Cli/Commands/Services/SourceCodeDownloadService.cs,195,Microsoft.Extensions.Logging.LoggerExtensions,LogInformation,Microsoft.Extensions.Logging.ILogger,Extension
abp:0268,abp,framework/src/Volo.Abp.Cli.Core/Volo/Abp/Cli/Commands/SuiteCommand.cs,300,Microsoft.Extensions.Logging.LoggerExtensions,LogInformation,Microsoft.Extensions.Logging.ILogger,Extension
abp:0273,abp,framework/src/Volo.Abp.Cli.Core/Volo/Abp/Cli/Commands/SuiteCommand.cs,333,Microsoft.Extensions.Logging.LoggerExtensions,LogInformation,Microsoft.Extensions.Logging.ILogger,Extension
abp:0278,abp,framework/src/Volo.Abp.Cli.Core/Volo/Abp/Cli/Commands/SuiteCommand.cs,410,Microsoft.Extensions.Logging.LoggerExtensions,LogError,Microsoft.Extensions.Logging.ILogger,Extension
abp:0284,abp,framework/src/Volo.Abp.Cli.Core/Volo/Abp/Cli/Commands/SuiteCommand.cs,489,Microsoft.Extensions.Logging.LoggerExtensions,LogWarning,Microsoft.Extensions.Logging.ILogger,Extension
abp:0286,abp,framework/src/Volo.Abp.Cli.Core/Volo/Abp/Cli/Commands/SuiteCommand.cs,505,Microsoft.Extensions.Logging.LoggerExtensions,LogError,Microsoft.Extensions.Logging.ILogger,Extension
abp:0288,abp,framework/src/Volo.Abp.Cli.Core/Volo/Abp/Cli/Commands/SuiteCommand.cs,538,Microsoft.Extensions.Logging.LoggerExtensions,LogInformation,Microsoft.Extensions.Logging.ILogger,Extension
abp:0301,abp,framework/src/Volo.Abp.Cli.Core/Volo/Abp/Cli/Commands/TranslateCommand.cs,228,Microsoft.Extensions.Logging.LoggerExtensions,LogInformation,Microsoft.Extensions.Logging.ILogger,Extension
abp:0317,abp,framework/src/Volo.Abp.Cli.Core/Volo/Abp/Cli/ProjectBuilding/AbpIoSourceCodeStore.cs,75,Microsoft.Extensions.Logging.LoggerExtensions,LogWarning,Microsoft.Extensions.Logging.ILogger,Extension
abp:0330,abp,framework/src/Volo.Abp.Cli.Core/Volo/Abp/Cli/ProjectBuilding/AbpIoSourceCodeStore.cs,170,Microsoft.Extensions.Logging.LoggerExtensions,LogInformation,Microsoft.Extensions.Logging.ILogger,Extension
abp:0336,abp,framework/src/Volo.Abp.Cli.Core/Volo/Abp/Cli/ProjectBuilding/AbpIoSourceCodeStore.cs,295,System.Net.Http.HttpClient,GetAsync,System.Net.Http.HttpClient,NonVirtual
abp:0344,abp,framework/src/Volo.Abp.Cli.Core/Volo/Abp/Cli/ProjectBuilding/NpmPackageInfoProvider.cs,51,System.Net.Http.HttpClient,GetAsync,System.Net.Http.HttpClient,NonVirtual
abp:0354,abp,framework/src/Volo.Abp.Cli.Core/Volo/Abp/Cli/ProjectModification/LocalReferenceConverter.cs,29,Microsoft.Extensions.Logging.LoggerExtensions,LogInformation,Microsoft.Extensions.Logging.ILogger,Extension
abp:0371,abp,framework/src/Volo.Abp.Cli.Core/Volo/Abp/Cli/ProjectModification/ProjectNpmPackageAdder.cs,83,Microsoft.Extensions.Logging.LoggerExtensions,LogInformation,Microsoft.Extensions.Logging.ILogger,Extension
abp:0411,abp,framework/src/Volo.Abp.Cli.Core/Volo/Abp/Cli/ServiceProxying/CSharp/CSharpServiceProxyGenerator.cs,264,Microsoft.Extensions.Logging.LoggerExtensions,LogInformation,Microsoft.Extensions.Logging.ILogger,Extension
abp:0429,abp,framework/src/Volo.Abp.Core/Microsoft/Extensions/Logging/AbpLoggerExtensions.cs,41,Microsoft.Extensions.Logging.LoggerExtensions,LogCritical,Microsoft.Extensions.Logging.ILogger,Extension
abp:0446,abp,framework/src/Volo.Abp.Core/Volo/Abp/AbpApplicationBase.cs,181,Microsoft.Extensions.DependencyInjection.ServiceProviderServiceExtensions,CreateScope,System.IServiceProvider,Extension
abp:0447,abp,framework/src/Volo.Abp.Core/Volo/Abp/AbpApplicationBase.cs,182,Microsoft.Extensions.DependencyInjection.ServiceProviderServiceExtensions,GetRequiredService,System.IServiceProvider,Extension
abp:0506,abp,framework/src/Volo.Abp.EntityFrameworkCore/Volo/Abp/EntityFrameworkCore/Migrations/EfCoreDatabaseMigrationEventHandlerBase.cs,318,Microsoft.Extensions.Logging.LoggerExtensions,LogError,Microsoft.Extensions.Logging.ILogger,Extension
abp:0514,abp,framework/src/Volo.Abp.EntityFrameworkCore/Volo/Abp/Uow/EntityFrameworkCore/UnitOfWorkDbContextProvider.cs,57,Microsoft.Extensions.Logging.LoggerExtensions,LogWarning,Microsoft.Extensions.Logging.ILogger,Extension
abp:0518,abp,framework/src/Volo.Abp.EntityFrameworkCore/Volo/Abp/Uow/EntityFrameworkCore/UnitOfWorkDbContextProvider.cs,191,Microsoft.Extensions.Logging.LoggerExtensions,LogWarning,Microsoft.Extensions.Logging.ILogger,Extension
abp:0528,abp,framework/src/Volo.Abp.EventBus/Volo/Abp/EventBus/Distributed/DistributedEventBusBase.cs,178,Microsoft.Extensions.DependencyInjection.ServiceProviderServiceExtensions,GetRequiredService,System.IServiceProvider,Extension
abp:0578,abp,framework/src/Volo.Abp.MongoDB/Volo/Abp/Uow/MongoDB/UnitOfWorkMongoDbContextProvider.cs,59,Microsoft.Extensions.Logging.LoggerExtensions,LogWarning,Microsoft.Extensions.Logging.ILogger,Extension
abp:0584,abp,framework/src/Volo.Abp.MongoDB/Volo/Abp/Uow/MongoDB/UnitOfWorkMongoDbContextProvider.cs,245,Microsoft.Extensions.Logging.LoggerExtensions,LogWarning,Microsoft.Extensions.Logging.ILogger,Extension
aspnetcore:0020,aspnetcore,src/Components/Endpoints/src/Builder/RazorComponentEndpointFactory.cs,56,Microsoft.Extensions.DependencyInjection.ServiceProviderServiceExtensions,GetRequiredService,System.IServiceProvider,Extension
aspnetcore:0084,aspnetcore,src/Components/WebAssembly/Server/src/DebugProxyLauncher.cs,60,Microsoft.Extensions.DependencyInjection.ServiceProviderServiceExtensions,GetRequiredService,System.IServiceProvider,Extension
aspnetcore:0092,aspnetcore,src/Components/WebAssembly/WebAssembly/src/Hosting/WebAssemblyHostBuilder.cs,203,Microsoft.Extensions.Configuration.ConfigurationExtensions,Add,Microsoft.Extensions.Configuration.IConfigurationBuilder,Extension
aspnetcore:0154,aspnetcore,src/Hosting/Hosting/src/WebHostBuilder.cs,186,Microsoft.Extensions.Logging.LoggerExtensions,LogWarning,Microsoft.Extensions.Logging.ILogger,Extension
aspnetcore:0179,aspnetcore,src/Hosting/Server.IntegrationTesting/src/Common/RetryHelper.cs,41,Microsoft.Extensions.Logging.LoggerExtensions,LogWarning,Microsoft.Extensions.Logging.ILogger,Extension
aspnetcore:0181,aspnetcore,src/Hosting/Server.IntegrationTesting/src/Common/RetryHelper.cs,58,Microsoft.Extensions.Logging.LoggerExtensions,LogWarning,Microsoft.Extensions.Logging.ILogger,Extension
aspnetcore:0189,aspnetcore,src/Hosting/Server.IntegrationTesting/src/Deployers/ApplicationDeployer.cs,166,Microsoft.Extensions.Logging.LoggerExtensions,LogInformation,Microsoft.Extensions.Logging.ILogger,Extension
aspnetcore:0194,aspnetcore,src/Hosting/Server.IntegrationTesting/src/Deployers/NginxDeployer.cs,148,Microsoft.Extensions.Logging.LoggerExtensions,LogDebug,Microsoft.Extensions.Logging.ILogger,Extension
aspnetcore:0197,aspnetcore,src/Hosting/Server.IntegrationTesting/src/Deployers/NginxDeployer.cs,153,Microsoft.Extensions.Logging.LoggerExtensions,LogTrace,Microsoft.Extensions.Logging.ILogger,Extension
aspnetcore:0211,aspnetcore,src/Hosting/Server.IntegrationTesting/src/Deployers/SelfHostDeployer.cs,119,Microsoft.Extensions.Logging.LoggerExtensions,LogInformation,Microsoft.Extensions.Logging.ILogger,Extension
aspnetcore:0220,aspnetcore,src/Hosting/Server.IntegrationTesting/src/Deployers/SelfHostDeployer.cs,190,Microsoft.Extensions.Logging.LoggerExtensions,LogInformation,Microsoft.Extensions.Logging.ILogger,Extension
aspnetcore:0230,aspnetcore,src/Http/Http.Extensions/src/HttpRequestJsonExtensions.cs,400,Microsoft.Extensions.DependencyInjection.ServiceProviderServiceExtensions,GetService,System.IServiceProvider,Extension
aspnetcore:0231,aspnetcore,src/Http/Http.Extensions/src/HttpResponseJsonExtensions.cs,345,Microsoft.Extensions.DependencyInjection.ServiceProviderServiceExtensions,GetService,System.IServiceProvider,Extension
aspnetcore:0308,aspnetcore,src/Http/Routing/src/ValidationEndpointFilterFactory.cs,26,Microsoft.Extensions.DependencyInjection.ServiceProviderServiceExtensions,GetService,System.IServiceProvider,Extension
aspnetcore:0316,aspnetcore,src/Identity/Core/src/IdentityApiEndpointRouteBuilderExtensions.cs,46,Microsoft.Extensions.DependencyInjection.ServiceProviderServiceExtensions,GetRequiredService,System.IServiceProvider,Extension
aspnetcore:0334,aspnetcore,src/Identity/Core/src/SignInManager.cs,69,Microsoft.Extensions.DependencyInjection.ServiceProviderServiceExtensions,GetService,System.IServiceProvider,Extension
aspnetcore:0356,aspnetcore,src/Identity/Extensions.Core/src/UserManager.cs,909,Microsoft.Extensions.Logging.LoggerExtensions,LogDebug,Microsoft.Extensions.Logging.ILogger,Extension
aspnetcore:0358,aspnetcore,src/Identity/Extensions.Core/src/UserManager.cs,1144,Microsoft.Extensions.Logging.LoggerExtensions,LogDebug,Microsoft.Extensions.Logging.ILogger,Extension
aspnetcore:0409,aspnetcore,src/Middleware/Spa/SpaServices.Extensions/src/Npm/NodeScriptRunner.cs,101,Microsoft.Extensions.Logging.LoggerExtensions,LogError,Microsoft.Extensions.Logging.ILogger,Extension
aspnetcore:0441,aspnetcore,src/Mvc/Mvc.Core/src/ControllerBase.cs,143,Microsoft.Extensions.DependencyInjection.ServiceProviderServiceExtensions,GetRequiredService,System.IServiceProvider,Extension
aspnetcore:0456,aspnetcore,src/Mvc/Mvc.Core/src/Filters/MiddlewareFilterConfigurationProvider.cs,106,Microsoft.Extensions.DependencyInjection.ServiceProviderServiceExtensions,GetRequiredService,System.IServiceProvider,Extension
aspnetcore:0458,aspnetcore,src/Mvc/Mvc.Core/src/FormatFilterAttribute.cs,29,Microsoft.Extensions.DependencyInjection.ServiceProviderServiceExtensions,GetRequiredService,System.IServiceProvider,Extension
aspnetcore:0469,aspnetcore,src/Mvc/Mvc.Core/src/ModelBinding/Binders/ArrayModelBinderProvider.cs,29,Microsoft.Extensions.DependencyInjection.ServiceProviderServiceExtensions,GetRequiredService,System.IServiceProvider,Extension
aspnetcore:0476,aspnetcore,src/Mvc/Mvc.Core/src/ModelBinding/Binders/DictionaryModelBinderProvider.cs,35,Microsoft.Extensions.DependencyInjection.ServiceProviderServiceExtensions,GetRequiredService,System.IServiceProvider,Extension
aspnetcore:0477,aspnetcore,src/Mvc/Mvc.Core/src/ModelBinding/Binders/DictionaryModelBinderProvider.cs,36,Microsoft.Extensions.DependencyInjection.ServiceProviderServiceExtensions,GetRequiredService,System.IServiceProvider,Extension
aspnetcore:0489,aspnetcore,src/Mvc/Mvc.Core/src/ObjectResult.cs,62,Microsoft.Extensions.DependencyInjection.ServiceProviderServiceExtensions,GetRequiredService,System.IServiceProvider,Extension
aspnetcore:0495,aspnetcore,src/Mvc/Mvc.Core/src/RequestFormLimitsAttribute.cs,167,Microsoft.Extensions.DependencyInjection.ServiceProviderServiceExtensions,GetRequiredService,System.IServiceProvider,Extension
aspnetcore:0502,aspnetcore,src/Mvc/Mvc.Core/src/Routing/AttributeRouting.cs,22,Microsoft.Extensions.DependencyInjection.ServiceProviderServiceExtensions,GetRequiredService,System.IServiceProvider,Extension
aspnetcore:0504,aspnetcore,src/Mvc/Mvc.Core/src/Routing/DynamicControllerEndpointMatcherPolicy.cs,93,Microsoft.Extensions.DependencyInjection.ServiceProviderServiceExtensions,GetRequiredService,System.IServiceProvider,Extension
aspnetcore:0547,aspnetcore,src/Mvc/Mvc.TagHelpers/src/ScriptTagHelper.cs,487,Microsoft.Extensions.DependencyInjection.ServiceProviderServiceExtensions,GetRequiredService,System.IServiceProvider,Extension
aspnetcore:0553,aspnetcore,src/Mvc/Mvc.ViewFeatures/src/DefaultDisplayTemplates.cs,108,Microsoft.Extensions.DependencyInjection.ServiceProviderServiceExtensions,GetRequiredService,System.IServiceProvider,Extension
aspnetcore:0556,aspnetcore,src/Mvc/Mvc.ViewFeatures/src/DefaultDisplayTemplates.cs,210,Microsoft.Extensions.DependencyInjection.ServiceProviderServiceExtensions,GetRequiredService,System.IServiceProvider,Extension
aspnetcore:0563,aspnetcore,src/Mvc/Mvc.ViewFeatures/src/Filters/ControllerSaveTempDataPropertyFilterFactory.cs,24,Microsoft.Extensions.DependencyInjection.ServiceProviderServiceExtensions,GetRequiredService,System.IServiceProvider,Extension
aspnetcore:0565,aspnetcore,src/Mvc/Mvc.ViewFeatures/src/PartialViewResult.cs,65,Microsoft.Extensions.DependencyInjection.ServiceProviderServiceExtensions,GetService,System.IServiceProvider,Extension
aspnetcore:0566,aspnetcore,src/Mvc/Mvc.ViewFeatures/src/RemoteAttribute.cs,112,Microsoft.Extensions.DependencyInjection.ServiceProviderServiceExtensions,GetRequiredService,System.IServiceProvider,Extension
aspnetcore:0567,aspnetcore,src/Mvc/Mvc.ViewFeatures/src/RemoteAttributeBase.cs,180,Microsoft.Extensions.DependencyInjection.ServiceProviderServiceExtensions,GetRequiredService,System.IServiceProvider,Extension
aspnetcore:0599,aspnetcore,src/Servers/IIS/IIS/src/Core/IISHttpServer.cs,176,Microsoft.Extensions.Logging.LoggerExtensions,LogError,Microsoft.Extensions.Logging.ILogger,Extension
aspnetcore:0669,aspnetcore,src/Shared/RangeHelper/RangeHelper.cs,72,Microsoft.Extensions.Logging.LoggerExtensions,LogDebug,Microsoft.Extensions.Logging.ILogger,Extension
aspnetcore:0716,aspnetcore,src/Tools/Microsoft.dotnet-openapi/src/HttpClientWrapper.cs,38,System.Net.Http.HttpClient,GetStreamAsync,System.Net.Http.HttpClient,NonVirtual
duplicati:0004,duplicati,Duplicati/Library/Backend/OAuthHelper/JSONWebHelperHttpClient.cs,263,System.Net.Http.HttpClient,SendAsync,System.Net.Http.HttpClient,NonVirtual
duplicati:0006,duplicati,Duplicati/Library/Backend/OAuthHelper/OAuthHttpClient.cs,91,System.Net.Http.HttpClient,SendAsync,Duplicati.Library.OAuthHttpClient,NonVirtual
duplicati:0010,duplicati,Duplicati/Library/Modules/Builtin/SendTelegramMessage.cs,283,System.Net.Http.HttpClient,GetAsync,System.Net.Http.HttpClient,NonVirtual
duplicati:0013,duplicati,Duplicati/Library/RestAPI/Database/Connection.cs,429,Microsoft.Extensions.DependencyInjection.ServiceProviderServiceExtensions,GetRequiredService,System.IServiceProvider,Extension
duplicati:0014,duplicati,Duplicati/Library/RestAPI/Database/Connection.cs,430,Microsoft.Extensions.DependencyInjection.ServiceProviderServiceExtensions,GetRequiredService,System.IServiceProvider,Extension
duplicati:0017,duplicati,Duplicati/Library/RestAPI/Database/Connection.cs,434,Microsoft.Extensions.DependencyInjection.ServiceProviderServiceExtensions,GetRequiredService,System.IServiceProvider,Extension
duplicati:0019,duplicati,Duplicati/Library/Utility/HttpClientExtensions.cs,50,System.Net.Http.HttpClient,SendAsync,System.Net.Http.HttpClient,NonVirtual
duplicati:0020,duplicati,Duplicati/Library/Utility/HttpClientExtensions.cs,76,System.Net.Http.HttpClient,SendAsync,System.Net.Http.HttpClient,NonVirtual
duplicati:0021,duplicati,Duplicati/Library/Utility/HttpClientExtensions.cs,97,System.Net.Http.HttpClient,SendAsync,System.Net.Http.HttpClient,NonVirtual
eShop:0007,eShop,src/Ordering.API/Apis/OrdersApi.cs,134,Microsoft.Extensions.Logging.LoggerExtensions,LogWarning,Microsoft.Extensions.Logging.ILogger,Extension
eShop:0009,eShop,src/Ordering.API/Apis/OrdersApi.cs,159,Microsoft.Extensions.Logging.LoggerExtensions,LogInformation,Microsoft.Extensions.Logging.ILogger,Extension
eShop:0010,eShop,src/Ordering.API/Apis/OrdersApi.cs,163,Microsoft.Extensions.Logging.LoggerExtensions,LogWarning,Microsoft.Extensions.Logging.ILogger,Extension
eShop:0016,eShop,src/Ordering.API/Application/IntegrationEvents/EventHandling/GracePeriodConfirmedIntegrationEventHandler.cs,17,Microsoft.Extensions.Logging.LoggerExtensions,LogInformation,Microsoft.Extensions.Logging.ILogger,Extension
eShop:0022,eShop,src/Ordering.API/Application/IntegrationEvents/OrderingIntegrationEventService.cs,19,Microsoft.Extensions.Logging.LoggerExtensions,LogInformation,Microsoft.Extensions.Logging.ILogger,Extension
eShop:0024,eShop,src/Ordering.API/Application/IntegrationEvents/OrderingIntegrationEventService.cs,38,Microsoft.Extensions.Logging.LoggerExtensions,LogInformation,Microsoft.Extensions.Logging.ILogger,Extension
eShop:0026,eShop,src/Ordering.API/Application/Validations/CreateOrderCommandValidator.cs,20,Microsoft.Extensions.Logging.LoggerExtensions,LogTrace,Microsoft.Extensions.Logging.ILogger,Extension
eShop:0027,eShop,src/Ordering.API/Application/Validations/IdentifiedCommandValidator.cs,11,Microsoft.Extensions.Logging.LoggerExtensions,LogTrace,Microsoft.Extensions.Logging.ILogger,Extension
eShop:0028,eShop,src/Ordering.API/Application/Validations/ShipOrderCommandValidator.cs,11,Microsoft.Extensions.Logging.LoggerExtensions,LogTrace,Microsoft.Extensions.Logging.ILogger,Extension
eShop:0029,eShop,src/Shared/MigrateDbContextExtensions.cs,28,Microsoft.Extensions.DependencyInjection.ServiceProviderServiceExtensions,GetRequiredService,System.IServiceProvider,Extension
eShop:0034,eShop,src/Shared/MigrateDbContextExtensions.cs,50,Microsoft.Extensions.Logging.LoggerExtensions,LogError,Microsoft.Extensions.Logging.ILogger,Extension
efcore:0007,efcore,src/EFCore/Extensions/EntityFrameworkServiceCollectionExtensions.cs,347,Microsoft.Extensions.DependencyInjection.ServiceProviderServiceExtensions,GetService,System.IServiceProvider,Extension
garnet:0020,garnet,libs/cluster/Server/ClusterConfig.cs,1508,Microsoft.Extensions.Logging.LoggerExtensions,LogWarning,Microsoft.Extensions.Logging.ILogger,Extension
garnet:0036,garnet,libs/cluster/Server/ClusterManagerSlotState.cs,401,Microsoft.Extensions.Logging.LoggerExtensions,LogTrace,Microsoft.Extensions.Logging.ILogger,Extension
garnet:0044,garnet,libs/cluster/Server/ClusterUtils.cs,110,Microsoft.Extensions.Logging.LoggerExtensions,LogError,Microsoft.Extensions.Logging.ILogger,Extension
garnet:0054,garnet,libs/cluster/Server/Failover/ReplicaFailoverSession.cs,130,Microsoft.Extensions.Logging.LoggerExtensions,LogWarning,Microsoft.Extensions.Logging.ILogger,Extension
garnet:0059,garnet,libs/cluster/Server/Failover/ReplicaFailoverSession.cs,211,Microsoft.Extensions.Logging.LoggerExtensions,LogCritical,Microsoft.Extensions.Logging.ILogger,Extension
garnet:0060,garnet,libs/cluster/Server/Failover/ReplicaFailoverSession.cs,226,Microsoft.Extensions.Logging.LoggerExtensions,LogWarning,Microsoft.Extensions.Logging.ILogger,Extension
garnet:0062,garnet,libs/cluster/Server/Failover/ReplicaFailoverSession.cs,276,Microsoft.Extensions.Logging.LoggerExtensions,LogWarning,Microsoft.Extensions.Logging.ILogger,Extension
garnet:0071,garnet,libs/cluster/Server/Gossip/GarnetServerNode.cs,252,Microsoft.Extensions.Logging.LoggerExtensions,LogWarning,Microsoft.Extensions.Logging.ILogger,Extension
garnet:0090,garnet,libs/cluster/Server/Migration/MigrateOperation.cs,266,Microsoft.Extensions.Logging.LoggerExtensions,LogWarning,Microsoft.Extensions.Logging.ILogger,Extension
garnet:0114,garnet,libs/cluster/Server/Migration/MigrateSessionSlots.cs,210,Microsoft.Extensions.Logging.LoggerExtensions,LogError,Microsoft.Extensions.Logging.ILogger,Extension
garnet:0125,garnet,libs/cluster/Server/Migration/MigrationDriver.cs,50,Microsoft.Extensions.Logging.LoggerExtensions,LogTrace,Microsoft.Extensions.Logging.ILogger,Extension
garnet:0126,garnet,libs/cluster/Server/Migration/MigrationDriver.cs,55,Microsoft.Extensions.Logging.LoggerExtensions,LogError,Microsoft.Extensions.Logging.ILogger,Extension
garnet:0131,garnet,libs/cluster/Server/Migration/MigrationDriver.cs,154,Microsoft.Extensions.Logging.LoggerExtensions,LogError,Microsoft.Extensions.Logging.ILogger,Extension
garnet:0135,garnet,libs/cluster/Server/Migration/MigrationDriver.cs,206,Microsoft.Extensions.Logging.LoggerExtensions,LogError,Microsoft.Extensions.Logging.ILogger,Extension
garnet:0146,garnet,libs/cluster/Server/Replication/CheckpointStore.cs,111,Microsoft.Extensions.Logging.LoggerExtensions,LogTrace,Microsoft.Extensions.Logging.ILogger,Extension
garnet:0152,garnet,libs/cluster/Server/Replication/PrimaryOps/AofSyncTaskInfo.cs,106,Microsoft.Extensions.Logging.LoggerExtensions,LogInformation,Microsoft.Extensions.Logging.ILogger,Extension
garnet:0160,garnet,libs/cluster/Server/Replication/PrimaryOps/AofTaskStore.cs,271,Microsoft.Extensions.Logging.LoggerExtensions,LogError,Microsoft.Extensions.Logging.ILogger,Extension
garnet:0163,garnet,libs/cluster/Server/Replication/PrimaryOps/DisklessReplication/ReplicaSyncSession.cs,203,Microsoft.Extensions.Logging.LoggerExtensions,LogError,Microsoft.Extensions.Logging.ILogger,Extension
garnet:0183,garnet,libs/cluster/Server/Replication/PrimaryOps/ReplicaSyncSession.cs,134,Microsoft.Extensions.Logging.LoggerExtensions,LogInformation,Microsoft.Extensions.Logging.ILogger,Extension
garnet:0191,garnet,libs/cluster/Server/Replication/PrimaryOps/ReplicaSyncSession.cs,301,Microsoft.Extensions.Logging.LoggerExtensions,LogError,Microsoft.Extensions.Logging.ILogger,Extension
garnet:0194,garnet,libs/cluster/Server/Replication/PrimaryOps/ReplicaSyncSession.cs,361,Microsoft.Extensions.Logging.LoggerExtensions,LogInformation,Microsoft.Extensions.Logging.ILogger,Extension
garnet:0200,garnet,libs/cluster/Server/Replication/PrimaryOps/ReplicaSyncSession.cs,463,Microsoft.Extensions.Logging.LoggerExtensions,LogInformation,Microsoft.Extensions.Logging.ILogger,Extension
garnet:0226,garnet,libs/cluster/Server/Replication/ReplicaOps/ReplicaReceiveCheckpoint.cs,63,Microsoft.Extensions.Logging.LoggerExtensions,LogInformation,Microsoft.Extensions.Logging.ILogger,Extension
garnet:0228,garnet,libs/cluster/Server/Replication/ReplicaOps/ReplicaReceiveCheckpoint.cs,100,Microsoft.Extensions.Logging.LoggerExtensions,LogError,Microsoft.Extensions.Logging.ILogger,Extension
garnet:0241,garnet,libs/cluster/Server/Replication/ReplicaOps/ReplicationReplicaAofSync.cs,49,Microsoft.Extensions.Logging.LoggerExtensions,LogError,Microsoft.Extensions.Logging.ILogger,Extension
garnet:0247,garnet,libs/cluster/Server/Replication/ReplicaOps/ReplicationReplicaAofSync.cs,135,Microsoft.Extensions.Logging.LoggerExtensions,LogWarning,Microsoft.Extensions.Logging.ILogger,Extension
garnet:0260,garnet,libs/cluster/Server/Replication/ReplicationManager.cs,368,Microsoft.Extensions.Logging.LoggerExtensions,LogError,Microsoft.Extensions.Logging.ILogger,Extension
garnet:0289,garnet,libs/common/Format.cs,111,Microsoft.Extensions.Logging.LoggerExtensions,LogError,Microsoft.Extensions.Logging.ILogger,Extension
garnet:0296,garnet,libs/common/Format.cs,206,Microsoft.Extensions.Logging.LoggerExtensions,LogError,Microsoft.Extensions.Logging.ILogger,Extension
garnet:0377,garnet,libs/server/Auth/GarnetAadAuthenticator.cs,87,Microsoft.Extensions.Logging.LoggerExtensions,LogError,Microsoft.Extensions.Logging.ILogger,Extension
garnet:0403,garnet,libs/server/Databases/MultiDatabaseManager.cs,137,Microsoft.Extensions.Logging.LoggerExtensions,LogInformation,Microsoft.Extensions.Logging.ILogger,Extension
garnet:0413,garnet,libs/server/Databases/SingleDatabaseManager.cs,226,Microsoft.Extensions.Logging.LoggerExtensions,LogInformation,Microsoft.Extensions.Logging.ILogger,Extension
garnet:0428,garnet,libs/server/Lua/LuaRunner.Functions.cs,2599,Microsoft.Extensions.Logging.LoggerExtensions,LogError,Microsoft.Extensions.Logging.ILogger,Extension
garnet:0438,garnet,libs/server/Metrics/GarnetServerMonitor.cs,218,Microsoft.Extensions.Logging.LoggerExtensions,LogInformation,Microsoft.Extensions.Logging.ILogger,Extension
garnet:0456,garnet,libs/server/Resp/RespCommandDataProvider.cs,151,Microsoft.Extensions.Logging.LoggerExtensions,LogError,Microsoft.Extensions.Logging.ILogger,Extension
garnet:0468,garnet,libs/server/Resp/Vector/VectorManager.cs,221,Microsoft.Extensions.Logging.LoggerExtensions,LogError,Microsoft.Extensions.Logging.ILogger,Extension
garnet:0486,garnet,libs/server/ServerConfig.cs,187,Microsoft.Extensions.Logging.LoggerExtensions,LogWarning,Microsoft.Extensions.Logging.ILogger,Extension
garnet:0572,garnet,libs/server/TLS/ServerCertificateSelector.cs,139,Microsoft.Extensions.Logging.LoggerExtensions,LogError,Microsoft.Extensions.Logging.ILogger,Extension
garnet:0575,garnet,libs/server/Transaction/TxnRespCommands.cs,65,Microsoft.Extensions.Logging.LoggerExtensions,LogWarning,Microsoft.Extensions.Logging.ILogger,Extension
garnet:0636,garnet,libs/storage/Tsavorite/cs/src/core/Index/Recovery/DeltaLog.cs,403,Microsoft.Extensions.Logging.LoggerExtensions,LogError,Microsoft.Extensions.Logging.ILogger,Extension
garnet:0638,garnet,libs/storage/Tsavorite/cs/src/core/Index/Recovery/IndexRecovery.cs,151,Microsoft.Extensions.Logging.LoggerExtensions,LogError,Microsoft.Extensions.Logging.ILogger,Extension
garnet:0649,garnet,libs/storage/Tsavorite/cs/src/core/Index/Recovery/Recovery.cs,500,Microsoft.Extensions.Logging.LoggerExtensions,LogInformation,Microsoft.Extensions.Logging.ILogger,Extension
garnet:0652,garnet,libs/storage/Tsavorite/cs/src/core/Index/Tsavorite/Tsavorite.cs,136,Microsoft.Extensions.Logging.LoggerExtensions,LogInformation,Microsoft.Extensions.Logging.ILogger,Extension
jellyfin:0006,jellyfin,Emby.Server.Implementations/ApplicationHost.cs,311,Microsoft.Extensions.Logging.LoggerExtensions,LogError,Microsoft.Extensions.Logging.ILogger,Extension
jellyfin:0008,jellyfin,Emby.Server.Implementations/ApplicationHost.cs,329,Microsoft.Extensions.Logging.LoggerExtensions,LogError,Microsoft.Extensions.Logging.ILogger,Extension
jellyfin:0039,jellyfin,Emby.Server.Implementations/Devices/DeviceId.cs,55,Microsoft.Extensions.Logging.LoggerExtensions,LogError,Microsoft.Extensions.Logging.ILogger,Extension
jellyfin:0061,jellyfin,Emby.Server.Implementations/IO/LibraryMonitor.cs,266,Microsoft.Extensions.Logging.LoggerExtensions,LogError,Microsoft.Extensions.Logging.ILogger,Extension
jellyfin:0062,jellyfin,Emby.Server.Implementations/IO/LibraryMonitor.cs,292,Microsoft.Extensions.Logging.LoggerExtensions,LogInformation,Microsoft.Extensions.Logging.ILogger,Extension
jellyfin:0080,jellyfin,Emby.Server.Implementations/Library/LibraryManager.cs,540,Microsoft.Extensions.Logging.LoggerExtensions,LogDebug,Microsoft.Extensions.Logging.ILogger,Extension
jellyfin:0106,jellyfin,Emby.Server.Implementations/Library/LibraryManager.cs,2129,Microsoft.Extensions.Logging.LoggerExtensions,LogError,Microsoft.Extensions.Logging.ILogger,Extension
jellyfin:0113,jellyfin,Emby.Server.Implementations/Library/LibraryManager.cs,2425,Microsoft.Extensions.Logging.LoggerExtensions,LogWarning,Microsoft.Extensions.Logging.ILogger,Extension
jellyfin:0121,jellyfin,Emby.Server.Implementations/Library/LibraryManager.cs,3387,Microsoft.Extensions.Logging.LoggerExtensions,LogDebug,Microsoft.Extensions.Logging.ILogger,Extension
jellyfin:0153,jellyfin,Emby.Server.Implementations/Library/Validators/PeopleValidator.cs,71,Microsoft.Extensions.Logging.LoggerExtensions,LogWarning,Microsoft.Extensions.Logging.ILogger,Extension
jellyfin:0165,jellyfin,Emby.Server.Implementations/Plugins/PluginManager.cs,153,Microsoft.Extensions.Logging.LoggerExtensions,LogError,Microsoft.Extensions.Logging.ILogger,Extension
jellyfin:0173,jellyfin,Emby.Server.Implementations/Plugins/PluginManager.cs,374,Microsoft.Extensions.Logging.LoggerExtensions,LogWarning,Microsoft.Extensions.Logging.ILogger,Extension
jellyfin:0194,jellyfin,Emby.Server.Implementations/Plugins/PluginManager.cs,905,Microsoft.Extensions.Logging.LoggerExtensions,LogError,Microsoft.Extensions.Logging.ILogger,Extension
jellyfin:0243,jellyfin,Emby.Server.Implementations/Session/SessionManager.cs,1456,Microsoft.Extensions.Logging.LoggerExtensions,LogError,Microsoft.Extensions.Logging.ILogger,Extension
jellyfin:0245,jellyfin,Emby.Server.Implementations/Session/SessionManager.cs,1688,Microsoft.Extensions.Logging.LoggerExtensions,LogError,Microsoft.Extensions.Logging.ILogger,Extension
jellyfin:0247,jellyfin,Emby.Server.Implementations/Session/SessionManager.cs,1723,Microsoft.Extensions.Logging.LoggerExtensions,LogInformation,Microsoft.Extensions.Logging.ILogger,Extension
jellyfin:0259,jellyfin,Emby.Server.Implementations/Session/SessionWebSocketListener.cs,246,Microsoft.Extensions.Logging.LoggerExtensions,LogInformation,Microsoft.Extensions.Logging.ILogger,Extension
jellyfin:0264,jellyfin,Emby.Server.Implementations/SyncPlay/Group.cs,323,Microsoft.Extensions.Logging.LoggerExtensions,LogInformation,Microsoft.Extensions.Logging.ILogger,Extension
jellyfin:0322,jellyfin,Jellyfin.Api/Helpers/FileStreamResponseHelpers.cs,57,System.Net.Http.HttpClient,SendAsync,System.Net.Http.HttpClient,NonVirtual
jellyfin:0331,jellyfin,Jellyfin.Api/Middleware/IpBasedAccessValidationMiddleware.cs,51,Microsoft.Extensions.Logging.LoggerExtensions,LogWarning,Microsoft.Extensions.Logging.ILogger,Extension
jellyfin:0342,jellyfin,Jellyfin.Server.Implementations/FullSystemBackup/BackupService.cs,85,Microsoft.Extensions.Logging.LoggerExtensions,LogWarning,Microsoft.Extensions.Logging.ILogger,Extension
jellyfin:0347,jellyfin,Jellyfin.Server.Implementations/FullSystemBackup/BackupService.cs,202,Microsoft.Extensions.Logging.LoggerExtensions,LogInformation,Microsoft.Extensions.Logging.ILogger,Extension
jellyfin:0349,jellyfin,Jellyfin.Server.Implementations/FullSystemBackup/BackupService.cs,211,Microsoft.Extensions.Logging.LoggerExtensions,LogInformation,Microsoft.Extensions.Logging.ILogger,Extension
jellyfin:0363,jellyfin,Jellyfin.Server.Implementations/FullSystemBackup/BackupService.cs,373,Microsoft.Extensions.Logging.LoggerExtensions,LogInformation,Microsoft.Extensions.Logging.ILogger,Extension
jellyfin:0400,jellyfin,Jellyfin.Server.Implementations/Trickplay/TrickplayManager.cs,361,Microsoft.Extensions.Logging.LoggerExtensions,LogInformation,Microsoft.Extensions.Logging.ILogger,Extension
jellyfin:0433,jellyfin,Jellyfin.Server/Helpers/StartupHelpers.cs,65,Microsoft.Extensions.Logging.LoggerExtensions,LogInformation,Microsoft.Extensions.Logging.ILogger,Extension
jellyfin:0434,jellyfin,Jellyfin.Server/Helpers/StartupHelpers.cs,66,Microsoft.Extensions.Logging.LoggerExtensions,LogInformation,Microsoft.Extensions.Logging.ILogger,Extension
jellyfin:0488,jellyfin,Jellyfin.Server/Migrations/Routines/FixIncorrectOwnerIdRelationships.cs,155,Microsoft.Extensions.Logging.LoggerExtensions,LogInformation,Microsoft.Extensions.Logging.ILogger,Extension
jellyfin:0540,jellyfin,Jellyfin.Server/Migrations/Routines/MigrateLinkedChildren.cs,324,Microsoft.Extensions.Logging.LoggerExtensions,LogInformation,Microsoft.Extensions.Logging.ILogger,Extension
jellyfin:0541,jellyfin,Jellyfin.Server/Migrations/Routines/MigrateLinkedChildren.cs,336,Microsoft.Extensions.Logging.LoggerExtensions,LogInformation,Microsoft.Extensions.Logging.ILogger,Extension
jellyfin:0554,jellyfin,Jellyfin.Server/Migrations/Routines/MigrateUserDb.cs,63,Microsoft.Extensions.Logging.LoggerExtensions,LogWarning,Microsoft.Extensions.Logging.ILogger,Extension
jellyfin:0557,jellyfin,Jellyfin.Server/Migrations/Routines/MigrateUserDb.cs,214,Microsoft.Extensions.Logging.LoggerExtensions,LogError,Microsoft.Extensions.Logging.ILogger,Extension
jellyfin:0584,jellyfin,Jellyfin.Server/Migrations/Routines/ReseedFolderFlag.cs,67,Microsoft.Extensions.Logging.LoggerExtensions,LogInformation,Microsoft.Extensions.Logging.ILogger,Extension
jellyfin:0595,jellyfin,Jellyfin.Server/Program.cs,269,Microsoft.Extensions.DependencyInjection.ServiceProviderServiceExtensions,GetRequiredService,System.IServiceProvider,Extension
jellyfin:0603,jellyfin,MediaBrowser.Controller/Entities/BaseItem.cs,1652,Microsoft.Extensions.Logging.LoggerExtensions,LogDebug,Microsoft.Extensions.Logging.ILogger,Extension
jellyfin:0605,jellyfin,MediaBrowser.Controller/Entities/BaseItem.cs,1887,Microsoft.Extensions.Logging.LoggerExtensions,LogWarning,Microsoft.Extensions.Logging.ILogger,Extension
jellyfin:0608,jellyfin,MediaBrowser.Controller/Entities/Folder.cs,310,Microsoft.Extensions.Logging.LoggerExtensions,LogError,Microsoft.Extensions.Logging.ILogger,Extension
jellyfin:0621,jellyfin,MediaBrowser.Controller/Entities/Folder.cs,1816,Microsoft.Extensions.Logging.LoggerExtensions,LogError,Microsoft.Extensions.Logging.ILogger,Extension
jellyfin:0631,jellyfin,MediaBrowser.Controller/Entities/Video.cs,532,Microsoft.Extensions.Logging.LoggerExtensions,LogInformation,Microsoft.Extensions.Logging.ILogger,Extension
jellyfin:0635,jellyfin,MediaBrowser.Controller/Extensions/ConfigurationExtensions.cs,116,Microsoft.Extensions.Configuration.ConfigurationBinder,GetValue,Microsoft.Extensions.Configuration.IConfiguration,Extension
jellyfin:0643,jellyfin,MediaBrowser.Controller/IO/FileSystemHelper.cs,60,Microsoft.Extensions.Logging.LoggerExtensions,LogError,Microsoft.Extensions.Logging.ILogger,Extension
jellyfin:0655,jellyfin,MediaBrowser.Controller/LibraryTaskScheduler/LimitedConcurrencyLibraryScheduler.cs,261,Microsoft.Extensions.Logging.LoggerExtensions,LogDebug,Microsoft.Extensions.Logging.ILogger,Extension
jellyfin:0663,jellyfin,MediaBrowser.Controller/MediaEncoding/TranscodingJob.cs,262,Microsoft.Extensions.Logging.LoggerExtensions,LogInformation,Microsoft.Extensions.Logging.ILogger,Extension
jellyfin:0664,jellyfin,MediaBrowser.Controller/MediaEncoding/TranscodingSegmentCleaner.cs,121,Microsoft.Extensions.Logging.LoggerExtensions,LogDebug,Microsoft.Extensions.Logging.ILogger,Extension
jellyfin:0693,jellyfin,MediaBrowser.Controller/SyncPlay/GroupStates/WaitingGroupState.cs,107,Microsoft.Extensions.Logging.LoggerExtensions,LogDebug,Microsoft.Extensions.Logging.ILogger,Extension
jellyfin:0750,jellyfin,MediaBrowser.MediaEncoding/Encoder/EncoderValidator.cs,511,Microsoft.Extensions.Logging.LoggerExtensions,LogWarning,Microsoft.Extensions.Logging.ILogger,Extension
jellyfin:0754,jellyfin,MediaBrowser.MediaEncoding/Encoder/EncoderValidator.cs,587,Microsoft.Extensions.Logging.LoggerExtensions,LogError,Microsoft.Extensions.Logging.ILogger,Extension
jellyfin:0774,jellyfin,MediaBrowser.MediaEncoding/Encoder/MediaEncoder.cs,945,Microsoft.Extensions.Logging.LoggerExtensions,LogWarning,Microsoft.Extensions.Logging.ILogger,Extension
jellyfin:0794,jellyfin,MediaBrowser.MediaEncoding/Subtitles/SubtitleEncoder.cs,457,Microsoft.Extensions.Logging.LoggerExtensions,LogError,Microsoft.Extensions.Logging.ILogger,Extension
jellyfin:0853,jellyfin,MediaBrowser.Providers/Lyric/LyricScheduledTask.cs,132,Microsoft.Extensions.Logging.LoggerExtensions,LogDebug,Microsoft.Extensions.Logging.ILogger,Extension
jellyfin:0856,jellyfin,MediaBrowser.Providers/Manager/ImageSaver.cs,201,Microsoft.Extensions.Logging.LoggerExtensions,LogInformation,Microsoft.Extensions.Logging.ILogger,Extension
jellyfin:0923,jellyfin,MediaBrowser.Providers/MediaInfo/ProbeProvider.cs,167,Microsoft.Extensions.Logging.LoggerExtensions,LogDebug,Microsoft.Extensions.Logging.ILogger,Extension
jellyfin:0935,jellyfin,MediaBrowser.Providers/Trickplay/TrickplayImagesTask.cs,107,Microsoft.Extensions.Logging.LoggerExtensions,LogError,Microsoft.Extensions.Logging.ILogger,Extension
jellyfin:0972,jellyfin,src/Jellyfin.Database/Jellyfin.Database.Providers.Sqlite/SqliteDatabaseProvider.cs,97,Microsoft.Extensions.Logging.LoggerExtensions,LogInformation,Microsoft.Extensions.Logging.ILogger,Extension
jellyfin:0993,jellyfin,src/Jellyfin.Drawing/ImageProcessor.cs,367,Microsoft.Extensions.Logging.LoggerExtensions,LogDebug,Microsoft.Extensions.Logging.ILogger,Extension
jellyfin:1039,jellyfin,src/Jellyfin.LiveTv/IO/EncodedRecorder.cs,231,Microsoft.Extensions.Logging.LoggerExtensions,LogInformation,Microsoft.Extensions.Logging.ILogger,Extension
jellyfin:1040,jellyfin,src/Jellyfin.LiveTv/IO/EncodedRecorder.cs,240,Microsoft.Extensions.Logging.LoggerExtensions,LogError,Microsoft.Extensions.Logging.ILogger,Extension
jellyfin:1052,jellyfin,src/Jellyfin.LiveTv/Listings/SchedulesDirect.cs,110,Microsoft.Extensions.Logging.LoggerExtensions,LogWarning,Microsoft.Extensions.Logging.ILogger,Extension
jellyfin:1079,jellyfin,src/Jellyfin.LiveTv/LiveTvDtoService.cs,278,Microsoft.Extensions.Logging.LoggerExtensions,LogError,Microsoft.Extensions.Logging.ILogger,Extension
jellyfin:1148,jellyfin,src/Jellyfin.LiveTv/TunerHosts/TunerHostManager.cs,123,Microsoft.Extensions.Logging.LoggerExtensions,LogWarning,Microsoft.Extensions.Logging.ILogger,Extension
jellyfin:1152,jellyfin,src/Jellyfin.MediaEncoding.Hls/Cache/CacheDecorator.cs,50,Microsoft.Extensions.Logging.LoggerExtensions,LogDebug,Microsoft.Extensions.Logging.ILogger,Extension
jellyfin:1163,jellyfin,src/Jellyfin.Networking/Manager/NetworkManager.cs,161,Microsoft.Extensions.Logging.LoggerExtensions,LogDebug,Microsoft.Extensions.Logging.ILogger,Extension
orleans:0004,orleans,src/AdoNet/Orleans.GrainDirectory.AdoNet/Hosting/AdoNetGrainDirectoryServiceCollectionExtensions.cs,18,Microsoft.Extensions.DependencyInjection.ServiceProviderServiceExtensions,GetRequiredService,System.IServiceProvider,Extension
orleans:0007,orleans,src/AdoNet/Orleans.Persistence.AdoNet/Storage/Provider/AdoNetGrainStorageServiceCollectionExtensions.cs,65,Microsoft.Extensions.DependencyInjection.ServiceProviderServiceExtensions,GetRequiredService,System.IServiceProvider,Extension
orleans:0009,orleans,src/AWS/Orleans.Persistence.DynamoDB/Hosting/DynamoDBGrainStorageServiceCollectionExtensions.cs,49,Microsoft.Extensions.DependencyInjection.ServiceProviderServiceExtensions,GetRequiredService,System.IServiceProvider,Extension
orleans:0010,orleans,src/AWS/Orleans.Persistence.DynamoDB/Provider/DynamoDBGrainStorage.cs,415,Microsoft.Extensions.DependencyInjection.ServiceProviderServiceExtensions,GetRequiredService,System.IServiceProvider,Extension
orleans:0011,orleans,src/Azure/Orleans.Clustering.AzureStorage/AzureTableClusteringExtensions.cs,63,Microsoft.Extensions.DependencyInjection.ServiceProviderServiceExtensions,GetRequiredService,System.IServiceProvider,Extension
orleans:0015,orleans,src/Azure/Orleans.Clustering.Cosmos/CosmosClusteringProviderBuilder.cs,55,Microsoft.Extensions.Configuration.ConfigurationExtensions,GetConnectionString,Microsoft.Extensions.Configuration.IConfiguration,Extension
orleans:0028,orleans,src/Azure/Orleans.Persistence.AzureStorage/Providers/Storage/AzureTableStorage.cs,593,Microsoft.Extensions.DependencyInjection.ServiceProviderServiceExtensions,GetRequiredService,System.IServiceProvider,Extension
orleans:0029,orleans,src/Azure/Orleans.Persistence.Cosmos/CosmosGrainStorage.cs,453,Microsoft.Extensions.DependencyInjection.ServiceProviderServiceExtensions,GetRequiredService,System.IServiceProvider,Extension
orleans:0039,orleans,src/Azure/Orleans.Streaming.AzureStorage/Hosting/AzureQueueStreamProviderBuilder.cs,61,Microsoft.Extensions.Configuration.ConfigurationExtensions,GetConnectionString,Microsoft.Extensions.Configuration.IConfiguration,Extension
orleans:0044,orleans,src/Azure/Orleans.Transactions.AzureStorage/Hosting/AzureTableTransactionServicecollectionExtensions.cs,22,Microsoft.Extensions.DependencyInjection.ServiceProviderServiceExtensions,GetRequiredService,System.IServiceProvider,Extension
orleans:0055,orleans,src/Orleans.Core/Configuration/OptionsOverrides.cs,29,Microsoft.Extensions.DependencyInjection.ServiceProviderServiceExtensions,GetRequiredService,System.IServiceProvider,Extension
orleans:0116,orleans,src/Orleans.Runtime/Core/InsideRuntimeClient.cs,438,Microsoft.Extensions.Logging.LoggerExtensions,LogDebug,Microsoft.Extensions.Logging.ILogger,Extension
orleans:0190,orleans,src/Orleans.Streaming.NATS/Providers/NatsConnectionManager.cs,136,Microsoft.Extensions.Logging.LoggerExtensions,LogError,Microsoft.Extensions.Logging.ILogger,Extension
orleans:0235,orleans,src/Orleans.Transactions.TestKit.Base/FaultInjection/ControlledInjection/SimpleAzureStorageExceptionInjector.cs,28,Microsoft.Extensions.Logging.LoggerExtensions,LogInformation,Microsoft.Extensions.Logging.ILogger,Extension
orleans:0237,orleans,src/Orleans.Transactions.TestKit.Base/FaultInjection/ControlledInjection/SingleStateDeactivatingTransactionalGrain.cs,41,Microsoft.Extensions.Logging.LoggerExtensions,LogInformation,Microsoft.Extensions.Logging.ILogger,Extension
orleans:0238,orleans,src/Orleans.Transactions.TestKit.Base/FaultInjection/ControlledInjection/SingleStateDeactivatingTransactionalGrain.cs,50,Microsoft.Extensions.Logging.LoggerExtensions,LogInformation,Microsoft.Extensions.Logging.ILogger,Extension
orleans:0240,orleans,src/Orleans.Transactions.TestKit.Base/Grains/RemoteCommitService.cs,36,Microsoft.Extensions.Logging.LoggerExtensions,LogInformation,Microsoft.Extensions.Logging.ILogger,Extension
orleans:0245,orleans,src/Redis/Orleans.Clustering.Redis/Hosting/RedisClusteringProviderBuilder.cs,44,Microsoft.Extensions.Configuration.ConfigurationExtensions,GetConnectionString,Microsoft.Extensions.Configuration.IConfiguration,Extension
orleans:0248,orleans,src/Redis/Orleans.GrainDirectory.Redis/Hosting/RedisGrainDirectoryProviderBuilder.cs,41,Microsoft.Extensions.Configuration.ConfigurationExtensions,GetConnectionString,Microsoft.Extensions.Configuration.IConfiguration,Extension
roslyn:0002,roslyn,src/Workspaces/MSBuild/Core/MSBuild/BuildHostProcessManager.cs,64,Microsoft.Extensions.Logging.LoggerExtensions,LogWarning,Microsoft.Extensions.Logging.ILogger,Extension
roslyn:0003,roslyn,src/Workspaces/MSBuild/Core/MSBuild/BuildHostProcessManager.cs,78,Microsoft.Extensions.Logging.LoggerExtensions,LogWarning,Microsoft.Extensions.Logging.ILogger,Extension
roslyn:0004,roslyn,src/Workspaces/MSBuild/Core/MSBuild/BuildHostProcessManager.cs,157,Microsoft.Extensions.Logging.LoggerExtensions,LogInformation,Microsoft.Extensions.Logging.ILogger,Extension
roslyn:0009,roslyn,src/Workspaces/MSBuild/Core/MSBuild/BuildHostProcessManager.cs,528,Microsoft.Extensions.Logging.LoggerExtensions,LogError,Microsoft.Extensions.Logging.ILogger,Extension
roslyn:0010,roslyn,src/Workspaces/MSBuild/Core/MSBuild/BuildHostProcessManager.cs,530,Microsoft.Extensions.Logging.LoggerExtensions,LogError,Microsoft.Extensions.Logging.ILogger,Extension
semantic-kernel:0014,semantic-kernel,dotnet/src/Connectors/Connectors.Amazon/Bedrock/Core/Clients/BedrockChatCompletionClient.cs,180,Microsoft.Extensions.Logging.LoggerExtensions,LogError,Microsoft.Extensions.Logging.ILogger,Extension
semantic-kernel:0034,semantic-kernel,dotnet/src/Connectors/Connectors.AzureAIInference/Extensions/AzureAIInferenceServiceCollectionExtensions.cs,133,Microsoft.Extensions.DependencyInjection.ServiceProviderServiceExtensions,GetRequiredService,System.IServiceProvider,Extension
semantic-kernel:0060,semantic-kernel,dotnet/src/Connectors/Connectors.AzureOpenAI/Extensions/AzureOpenAIKernelBuilderExtensions.cs,826,Microsoft.Extensions.DependencyInjection.ServiceProviderServiceExtensions,GetService,System.IServiceProvider,Extension
semantic-kernel:0079,semantic-kernel,dotnet/src/Connectors/Connectors.AzureOpenAI/Extensions/AzureOpenAIServiceCollectionExtensions.DependencyInjection.cs,56,Microsoft.Extensions.DependencyInjection.ServiceProviderServiceExtensions,GetService,System.IServiceProvider,Extension
semantic-kernel:0088,semantic-kernel,dotnet/src/Connectors/Connectors.Google/Core/Gemini/Clients/GeminiChatCompletionClient.cs,495,Microsoft.Extensions.Logging.LoggerExtensions,LogDebug,Microsoft.Extensions.Logging.ILogger,Extension
semantic-kernel:0095,semantic-kernel,dotnet/src/Connectors/Connectors.Google/Core/Gemini/Clients/GeminiChatCompletionClient.cs,824,Microsoft.Extensions.Logging.LoggerExtensions,LogInformation,Microsoft.Extensions.Logging.ILogger,Extension
semantic-kernel:0101,semantic-kernel,dotnet/src/Connectors/Connectors.Google/Extensions/VertexAIKernelBuilderExtensions.cs,62,Microsoft.Extensions.DependencyInjection.ServiceProviderServiceExtensions,GetService,System.IServiceProvider,Extension
semantic-kernel:0109,semantic-kernel,dotnet/src/Connectors/Connectors.Google/Extensions/VertexAIServiceCollectionExtensions.DependencyInjection.cs,60,Microsoft.Extensions.DependencyInjection.ServiceProviderServiceExtensions,GetService,System.IServiceProvider,Extension
semantic-kernel:0110,semantic-kernel,dotnet/src/Connectors/Connectors.Google/Extensions/VertexAIServiceCollectionExtensions.DependencyInjection.cs,99,Microsoft.Extensions.DependencyInjection.ServiceProviderServiceExtensions,GetService,System.IServiceProvider,Extension
semantic-kernel:0120,semantic-kernel,dotnet/src/Connectors/Connectors.HuggingFace/HuggingFaceServiceCollectionExtensions.cs,188,Microsoft.Extensions.DependencyInjection.ServiceProviderServiceExtensions,GetService,System.IServiceProvider,Extension
semantic-kernel:0121,semantic-kernel,dotnet/src/Connectors/Connectors.HuggingFace/HuggingFaceServiceCollectionExtensions.cs,218,Microsoft.Extensions.DependencyInjection.ServiceProviderServiceExtensions,GetService,System.IServiceProvider,Extension
semantic-kernel:0125,semantic-kernel,dotnet/src/Connectors/Connectors.HuggingFace/Services/HuggingFaceEmbeddingGenerator.cs,99,System.Net.Http.HttpMessageInvoker,Dispose,System.Net.Http.HttpClient,NonVirtual
semantic-kernel:0126,semantic-kernel,dotnet/src/Connectors/Connectors.MistralAI/Client/MistralClient.cs,128,Microsoft.Extensions.Logging.LoggerExtensions,LogDebug,Microsoft.Extensions.Logging.ILogger,Extension
semantic-kernel:0150,semantic-kernel,dotnet/src/Connectors/Connectors.Ollama/Extensions/OllamaServiceCollectionExtensions.cs,156,Microsoft.Extensions.DependencyInjection.ServiceProviderServiceExtensions,GetService,System.IServiceProvider,Extension
semantic-kernel:0158,semantic-kernel,dotnet/src/Connectors/Connectors.Ollama/Extensions/OllamaServiceCollectionExtensions.cs,344,Microsoft.Extensions.DependencyInjection.ServiceProviderServiceExtensions,GetService,System.IServiceProvider,Extension
semantic-kernel:0195,semantic-kernel,dotnet/src/Connectors/Connectors.OpenAI/Extensions/OpenAIServiceCollectionExtensions.cs,85,Microsoft.Extensions.DependencyInjection.ServiceProviderServiceExtensions,GetService,System.IServiceProvider,Extension
semantic-kernel:0208,semantic-kernel,dotnet/src/Connectors/Connectors.OpenAI/Extensions/OpenAIServiceCollectionExtensions.DependencyInjection.cs,152,Microsoft.Extensions.DependencyInjection.ServiceProviderServiceExtensions,GetService,System.IServiceProvider,Extension
semantic-kernel:0217,semantic-kernel,dotnet/src/Experimental/Orchestration.Flow/Execution/FlowExecutor.cs,326,Microsoft.Extensions.Logging.LoggerExtensions,LogInformation,Microsoft.Extensions.Logging.ILogger,Extension
semantic-kernel:0219,semantic-kernel,dotnet/src/Experimental/Orchestration.Flow/Execution/FlowExecutor.cs,377,Microsoft.Extensions.Logging.LoggerExtensions,LogInformation,Microsoft.Extensions.Logging.ILogger,Extension
semantic-kernel:0238,semantic-kernel,dotnet/src/Experimental/Orchestration.Flow/Execution/ReActEngine.cs,157,Microsoft.Extensions.Logging.LoggerExtensions,LogDebug,Microsoft.Extensions.Logging.ILogger,Extension
semantic-kernel:0263,semantic-kernel,dotnet/src/Functions/Functions.Grpc/Extensions/GrpcKernelExtensions.cs,105,Microsoft.Extensions.Logging.LoggerExtensions,LogTrace,Microsoft.Extensions.Logging.ILogger,Extension
semantic-kernel:0276,semantic-kernel,dotnet/src/Functions/Functions.OpenApi.Extensions/Extensions/CopilotAgentPluginKernelExtensions.cs,114,Microsoft.Extensions.Logging.LoggerExtensions,LogWarning,Microsoft.Extensions.Logging.ILogger,Extension
semantic-kernel:0305,semantic-kernel,dotnet/src/Plugins/Plugins.Core/CodeInterpreter/SessionsPythonPlugin.cs,94,Microsoft.Extensions.Logging.LoggerExtensions,LogTrace,Microsoft.Extensions.Logging.ILogger,Extension
semantic-kernel:0319,semantic-kernel,dotnet/src/Plugins/Plugins.MsGraph/CalendarPlugin.cs,90,Microsoft.Extensions.Logging.LoggerExtensions,LogDebug,Microsoft.Extensions.Logging.ILogger,Extension
semantic-kernel:0336,semantic-kernel,dotnet/src/Plugins/Plugins.Web/Brave/BraveConnector.cs,83,Microsoft.Extensions.Logging.LoggerExtensions,LogTrace,Microsoft.Extensions.Logging.ILogger,Extension
semantic-kernel:0344,semantic-kernel,dotnet/src/Plugins/Plugins.Web/WebServiceCollectionExtensions.cs,36,Microsoft.Extensions.DependencyInjection.ServiceProviderServiceExtensions,GetService,System.IServiceProvider,Extension
semantic-kernel:0351,semantic-kernel,dotnet/src/SemanticKernel.Abstractions/Kernel.cs,192,Microsoft.Extensions.DependencyInjection.ServiceProviderServiceExtensions,GetService,System.IServiceProvider,Extension
semantic-kernel:0362,semantic-kernel,dotnet/src/SemanticKernel.Core/Data/TextSearch/TextSearchServiceCollectionExtensions.cs,42,Microsoft.Extensions.DependencyInjection.ServiceProviderServiceExtensions,GetService,System.IServiceProvider,Extension
semantic-kernel:0366,semantic-kernel,dotnet/src/SemanticKernel.Core/Data/TextSearch/TextSearchServiceCollectionExtensions.cs,123,Microsoft.Extensions.DependencyInjection.ServiceProviderServiceExtensions,GetService,System.IServiceProvider,Extension
semantic-kernel:0379,semantic-kernel,dotnet/src/SemanticKernel.Core/Functions/KernelFunctionFromPrompt.cs,776,Microsoft.Extensions.Logging.LoggerExtensions,LogWarning,Microsoft.Extensions.Logging.ILogger,Extension
semantic-kernel:0399,semantic-kernel,dotnet/src/SemanticKernel.Core/TemplateEngine/Blocks/CodeBlock.cs,87,Microsoft.Extensions.Logging.LoggerExtensions,LogTrace,Microsoft.Extensions.Logging.ILogger,Extension
semantic-kernel:0416,semantic-kernel,dotnet/src/SemanticKernel.Core/TemplateEngine/Blocks/VarBlock.cs,18,Microsoft.Extensions.Logging.LoggerExtensions,LogError,Microsoft.Extensions.Logging.ILogger,Extension
semantic-kernel:0441,semantic-kernel,dotnet/src/VectorData/Chroma/ChromaClient.cs,122,Microsoft.Extensions.Logging.LoggerExtensions,LogDebug,Microsoft.Extensions.Logging.ILogger,Extension
semantic-kernel:0444,semantic-kernel,dotnet/src/VectorData/Chroma/ChromaClient.cs,188,Microsoft.Extensions.Logging.LoggerExtensions,LogError,Microsoft.Extensions.Logging.ILogger,Extension
semantic-kernel:0445,semantic-kernel,dotnet/src/VectorData/Chroma/ChromaMemoryStore.cs,75,Microsoft.Extensions.Logging.LoggerExtensions,LogError,Microsoft.Extensions.Logging.ILogger,Extension
semantic-kernel:0451,semantic-kernel,dotnet/src/VectorData/CosmosNoSql/CosmosNoSqlServiceCollectionExtensions.cs,57,Microsoft.Extensions.DependencyInjection.ServiceProviderServiceExtensions,GetRequiredService,System.IServiceProvider,Extension
semantic-kernel:0461,semantic-kernel,dotnet/src/VectorData/MongoDB/MongoServiceCollectionExtensions.cs,307,Microsoft.Extensions.DependencyInjection.ServiceProviderServiceExtensions,GetService,System.IServiceProvider,Extension
semantic-kernel:0466,semantic-kernel,dotnet/src/VectorData/PgVector/PostgresServiceCollectionExtensions.cs,301,Microsoft.Extensions.DependencyInjection.ServiceProviderServiceExtensions,GetService,System.IServiceProvider,Extension
semantic-kernel:0474,semantic-kernel,dotnet/src/VectorData/Qdrant/QdrantServiceCollectionExtensions.cs,248,Microsoft.Extensions.DependencyInjection.ServiceProviderServiceExtensions,GetService,System.IServiceProvider,Extension
semantic-kernel:0475,semantic-kernel,dotnet/src/VectorData/Qdrant/QdrantServiceCollectionExtensions.cs,262,Microsoft.Extensions.DependencyInjection.ServiceProviderServiceExtensions,GetService,System.IServiceProvider,Extension
semantic-kernel:0478,semantic-kernel,dotnet/src/VectorData/Redis/RedisServiceCollectionExtensions.cs,259,Microsoft.Extensions.DependencyInjection.ServiceProviderServiceExtensions,GetRequiredService,System.IServiceProvider,Extension
server:0009,server,bitwarden_license/src/Commercial.Infrastructure.EntityFramework/SecretsManager/Repositories/ProjectRepository.cs,76,Microsoft.Extensions.DependencyInjection.ServiceProviderServiceExtensions,CreateAsyncScope,Microsoft.Extensions.DependencyInjection.IServiceScopeFactory,Extension
server:0015,server,bitwarden_license/src/Commercial.Infrastructure.EntityFramework/SecretsManager/Repositories/SecretRepository.cs,189,Microsoft.Extensions.DependencyInjection.ServiceProviderServiceExtensions,CreateAsyncScope,Microsoft.Extensions.DependencyInjection.IServiceScopeFactory,Extension
server:0018,server,bitwarden_license/src/Commercial.Infrastructure.EntityFramework/SecretsManager/Repositories/SecretRepository.cs,256,Microsoft.Extensions.DependencyInjection.ServiceProviderServiceExtensions,CreateAsyncScope,Microsoft.Extensions.DependencyInjection.IServiceScopeFactory,Extension
server:0021,server,bitwarden_license/src/Commercial.Infrastructure.EntityFramework/SecretsManager/Repositories/SecretRepository.cs,348,Microsoft.Extensions.DependencyInjection.ServiceProviderServiceExtensions,CreateAsyncScope,Microsoft.Extensions.DependencyInjection.IServiceScopeFactory,Extension
server:0053,server,src/Core/Billing/Services/Implementations/SubscriberService.cs,721,Microsoft.Extensions.Logging.LoggerExtensions,LogWarning,Microsoft.Extensions.Logging.ILogger,Extension
server:0067,server,src/Core/Platform/Mail/Delivery/SendGridMailDeliveryService.cs,86,Microsoft.Extensions.Logging.LoggerExtensions,LogWarning,Microsoft.Extensions.Logging.ILogger,Extension
server:0082,server,src/Core/Repositories/Implementations/AzurePhishingDomainRepository.cs,119,Microsoft.Extensions.Logging.LoggerExtensions,LogDebug,Microsoft.Extensions.Logging.ILogger,Extension
server:0083,server,src/Core/Services/Implementations/StripePaymentService.cs,781,Microsoft.Extensions.Logging.LoggerExtensions,LogWarning,Microsoft.Extensions.Logging.ILogger,Extension
server:0087,server,src/Core/Services/Implementations/StripePaymentService.cs,1113,Microsoft.Extensions.Logging.LoggerExtensions,LogWarning,Microsoft.Extensions.Logging.ILogger,Extension
server:0100,server,src/Infrastructure.EntityFramework/KeyManagement/Repositories/UserSignatureKeyPairRepository.cs,53,Microsoft.Extensions.DependencyInjection.ServiceProviderServiceExtensions,CreateAsyncScope,Microsoft.Extensions.DependencyInjection.IServiceScopeFactory,Extension
server:0103,server,src/Infrastructure.EntityFramework/NotificationCenter/Repositories/NotificationRepository.cs,80,Microsoft.Extensions.DependencyInjection.ServiceProviderServiceExtensions,CreateAsyncScope,Microsoft.Extensions.DependencyInjection.IServiceScopeFactory,Extension
server:0113,server,src/SharedWeb/Utilities/ServiceCollectionExtensions.cs,190,Microsoft.Extensions.DependencyInjection.ServiceProviderServiceExtensions,GetRequiredService,System.IServiceProvider,Extension
server:0115,server,src/SharedWeb/Utilities/ServiceCollectionExtensions.cs,204,Microsoft.Extensions.DependencyInjection.ServiceProviderServiceExtensions,GetRequiredService,System.IServiceProvider,Extension
server:0119,server,src/SharedWeb/Utilities/ServiceCollectionExtensions.cs,514,Microsoft.Extensions.Configuration.ConfigurationBinder,GetValue,Microsoft.Extensions.Configuration.IConfiguration,Extension
server:0124,server,src/SharedWeb/Utilities/ServiceCollectionExtensions.cs,889,Microsoft.Extensions.DependencyInjection.ServiceProviderServiceExtensions,GetRequiredService,System.IServiceProvider,Extension
server:0126,server,src/SharedWeb/Utilities/ServiceCollectionExtensions.cs,891,Microsoft.Extensions.DependencyInjection.ServiceProviderServiceExtensions,GetRequiredService,System.IServiceProvider,Extension
server:0129,server,src/SharedWeb/Utilities/ServiceCollectionExtensions.cs,894,Microsoft.Extensions.DependencyInjection.ServiceProviderServiceExtensions,GetRequiredService,System.IServiceProvider,Extension
server:0131,server,src/SharedWeb/Utilities/ServiceCollectionExtensions.cs,908,Microsoft.Extensions.DependencyInjection.ServiceProviderServiceExtensions,GetRequiredService,System.IServiceProvider,Extension
server:0143,server,src/SharedWeb/Utilities/ServiceCollectionExtensions.cs,1017,Microsoft.Extensions.DependencyInjection.ServiceProviderServiceExtensions,GetRequiredService,System.IServiceProvider,Extension
server:0149,server,src/SharedWeb/Utilities/ServiceCollectionExtensions.cs,1030,Microsoft.Extensions.DependencyInjection.ServiceProviderServiceExtensions,GetRequiredService,System.IServiceProvider,Extension
server:0153,server,src/SharedWeb/Utilities/ServiceCollectionExtensions.cs,1041,Microsoft.Extensions.DependencyInjection.ServiceProviderServiceExtensions,GetRequiredService,System.IServiceProvider,Extension
server:0160,server,util/Migrator/DbUpLogger.cs,28,Microsoft.Extensions.Logging.LoggerExtensions,LogInformation,Microsoft.Extensions.Logging.ILogger,Extension
