target_id,repo,kind,receiver_type,receiver_family,method,transform,applicable,applied,reverted,build_ok,reason,reason_token,n_files_changed,seam_member_signature
abp:0147,abp,Extension,Microsoft.Extensions.Logging.ILogger,ILogger,LogInformation,parameterize_dependency,False,False,False,,site_not_found,site_not_found,0,
aspnetcore:0020,aspnetcore,Extension,System.IServiceProvider,IServiceProvider,GetRequiredService,parameterize_dependency,False,False,False,,site_not_found,site_not_found,0,
aspnetcore:0084,aspnetcore,Extension,System.IServiceProvider,IServiceProvider,GetRequiredService,parameterize_dependency,False,False,False,,site_not_found,site_not_found,0,
aspnetcore:0092,aspnetcore,Extension,Microsoft.Extensions.Configuration.IConfigurationBuilder,IConfigurationBuilder,Add,parameterize_dependency,False,False,False,,site_not_found,site_not_found,0,
aspnetcore:0154,aspnetcore,Extension,Microsoft.Extensions.Logging.ILogger,ILogger,LogWarning,parameterize_dependency,False,False,False,,site_not_found,site_not_found,0,
aspnetcore:0179,aspnetcore,Extension,Microsoft.Extensions.Logging.ILogger,ILogger,LogWarning,parameterize_dependency,False,False,False,,site_not_found,site_not_found,0,
aspnetcore:0181,aspnetcore,Extension,Microsoft.Extensions.Logging.ILogger,ILogger,LogWarning,parameterize_dependency,False,False,False,,site_not_found,site_not_found,0,
aspnetcore:0189,aspnetcore,Extension,Microsoft.Extensions.Logging.ILogger,ILogger,LogInformation,parameterize_dependency,False,False,False,,site_not_found,site_not_found,0,
aspnetcore:0194,aspnetcore,Extension,Microsoft.Extensions.Logging.ILogger,ILogger,LogDebug,parameterize_dependency,False,False,False,,site_not_found,site_not_found,0,
aspnetcore:0197,aspnetcore,Extension,Microsoft.Extensions.Logging.ILogger,ILogger,LogTrace,parameterize_dependency,False,False,False,,site_not_found,site_not_found,0,
aspnetcore:0211,aspnetcore,Extension,Microsoft.Extensions.Logging.ILogger,ILogger,LogInformation,parameterize_dependency,False,False,False,,site_not_found,site_not_found,0,
aspnetcore:0220,aspnetcore,Extension,Microsoft.Extensions.Logging.ILogger,ILogger,LogInformation,parameterize_dependency,False,False,False,,site_not_found,site_not_found,0,
aspnetcore:0230,aspnetcore,Extension,System.IServiceProvider,IServiceProvider,GetService,parameterize_dependency,False,False,False,,site_not_found,site_not_found,0,
aspnetcore:0231,aspnetcore,Extension,System.IServiceProvider,IServiceProvider,GetService,parameterize_dependency,False,False,False,,site_not_found,site_not_found,0,
aspnetcore:0308,aspnetcore,Extension,System.IServiceProvider,IServiceProvider,GetService,parameterize_dependency,False,False,False,,site_not_found,site_not_found,0,
aspnetcore:0316,aspnetcore,Extension,System.IServiceProvider,IServiceProvider,GetRequiredService,parameterize_dependency,False,False,False,,site_not_found,site_not_found,0,
aspnetcore:0334,aspnetcore,Extension,System.IServiceProvider,IServiceProvider,GetService,parameterize_dependency,False,False,False,,site_not_found,site_not_found,0,
aspnetcore:0356,aspnetcore,Extension,Microsoft.Extensions.Logging.ILogger,ILogger,LogDebug,parameterize_dependency,False,False,False,,site_not_found,site_not_found,0,
aspnetcore:0358,aspnetcore,Extension,Microsoft.Extensions.Logging.ILogger,ILogger,LogDebug,parameterize_dependency,False,False,False,,site_not_found,site_not_found,0,
aspnetcore:0409,aspnetcore,Extension,Microsoft.Extensions.Logging.ILogger,ILogger,LogError,parameterize_dependency,False,False,False,,site_not_found,site_not_found,0,
aspnetcore:0441,aspnetcore,Extension,System.IServiceProvider,IServiceProvider,GetRequiredService,parameterize_dependency,False,False,False,,site_not_found,site_not_found,0,
aspnetcore:0456,aspnetcore,Extension,System.IServiceProvider,IServiceProvider,GetRequiredService,parameterize_dependency,False,False,False,,site_not_found,site_not_found,0,
aspnetcore:0458,aspnetcore,Extension,System.IServiceProvider,IServiceProvider,GetRequiredService,parameterize_dependency,False,False,False,,site_not_found,site_not_found,0,
aspnetcore:0469,aspnetcore,Extension,System.IServiceProvider,IServiceProvider,GetRequiredService,parameterize_dependency,False,False,False,,site_not_found,site_not_found,0,
aspnetcore:0476,aspnetcore,Extension,System.IServiceProvider,IServiceProvider,GetRequiredService,parameterize_dependency,False,False,False,,site_not_found,site_not_found,0,
aspnetcore:0477,aspnetcore,Extension,System.IServiceProvider,IServiceProvider,GetRequiredService,parameterize_dependency,False,False,False,,site_not_found,site_not_found,0,
aspnetcore:0489,aspnetcore,Extension,System.IServiceProvider,IServiceProvider,GetRequiredService,parameterize_dependency,False,False,False,,site_not_found,site_not_found,0,
aspnetcore:0495,aspnetcore,Extension,System.IServiceProvider,IServiceProvider,GetRequiredService,parameterize_dependency,False,False,False,,site_not_found,site_not_found,0,
aspnetcore:0502,aspnetcore,Extension,System.IServiceProvider,IServiceProvider,GetRequiredService,parameterize_dependency,False,False,False,,site_not_found,site_not_found,0,
aspnetcore:0504,aspnetcore,Extension,System.IServiceProvider,IServiceProvider,GetRequiredService,parameterize_dependency,False,False,False,,site_not_found,site_not_found,0,
aspnetcore:0547,aspnetcore,Extension,System.IServiceProvider,IServiceProvider,GetRequiredService,parameterize_dependency,False,False,False,,site_not_found,site_not_found,0,
aspnetcore:0553,aspnetcore,Extension,System.IServiceProvider,IServiceProvider,GetRequiredService,parameterize_dependency,False,False,False,,site_not_found,site_not_found,0,
aspnetcore:0556,aspnetcore,Extension,System.IServiceProvider,IServiceProvider,GetRequiredService,parameterize_dependency,False,False,False,,site_not_found,site_not_found,0,
aspnetcore:0563,aspnetcore,Extension,System.IServiceProvider,IServiceProvider,GetRequiredService,parameterize_dependency,False,False,False,,site_not_found,site_not_found,0,
aspnetcore:0565,aspnetcore,Extension,System.IServiceProvider,IServiceProvider,GetService,parameterize_dependency,False,False,False,,site_not_found,site_not_found,0,
aspnetcore:0566,aspnetcore,Extension,System.IServiceProvider,IServiceProvider,GetRequiredService,parameterize_dependency,False,False,False,,site_not_found,site_not_found,0,
aspnetcore:0567,aspnetcore,Extension,System.IServiceProvider,IServiceProvider,GetRequiredService,parameterize_dependency,False,False,False,,site_not_found,site_not_found,0,
aspnetcore:0599,aspnetcore,Extension,Microsoft.Extensions.Logging.ILogger,ILogger,LogError,parameterize_dependency,False,False,False,,site_not_found,site_not_found,0,
garnet:0020,garnet,Extension,Microsoft.Extensions.Logging.ILogger,ILogger,LogWarning,parameterize_dependency,False,False,False,,baseline_build_failed,baseline_build_failed,0,
garnet:0036,garnet,Extension,Microsoft.Extensions.Logging.ILogger,ILogger,LogTrace,parameterize_dependency,False,False,False,,baseline_build_failed,baseline_build_failed,0,
garnet:0044,garnet,Extension,Microsoft.Extensions.Logging.ILogger,ILogger,LogError,parameterize_dependency,False,False,False,,baseline_build_failed,baseline_build_failed,0,
garnet:0054,garnet,Extension,Microsoft.Extensions.Logging.ILogger,ILogger,LogWarning,parameterize_dependency,False,False,False,,baseline_build_failed,baseline_build_failed,0,
garnet:0059,garnet,Extension,Microsoft.Extensions.Logging.ILogger,ILogger,LogCritical,parameterize_dependency,False,False,False,,baseline_build_failed,baseline_build_failed,0,
garnet:0060,garnet,Extension,Microsoft.Extensions.Logging.ILogger,ILogger,LogWarning,parameterize_dependency,False,False,False,,baseline_build_failed,baseline_build_failed,0,
garnet:0062,garnet,Extension,Microsoft.Extensions.Logging.ILogger,ILogger,LogWarning,parameterize_dependency,False,False,False,,baseline_build_failed,baseline_build_failed,0,
garnet:0071,garnet,Extension,Microsoft.Extensions.Logging.ILogger,ILogger,LogWarning,parameterize_dependency,False,False,False,,baseline_build_failed,baseline_build_failed,0,
garnet:0090,garnet,Extension,Microsoft.Extensions.Logging.ILogger,ILogger,LogWarning,parameterize_dependency,False,False,False,,baseline_build_failed,baseline_build_failed,0,
garnet:0114,garnet,Extension,Microsoft.Extensions.Logging.ILogger,ILogger,LogError,parameterize_dependency,False,False,False,,baseline_build_failed,baseline_build_failed,0,
garnet:0125,garnet,Extension,Microsoft.Extensions.Logging.ILogger,ILogger,LogTrace,parameterize_dependency,False,False,False,,baseline_build_failed,baseline_build_failed,0,
garnet:0126,garnet,Extension,Microsoft.Extensions.Logging.ILogger,ILogger,LogError,parameterize_dependency,False,False,False,,baseline_build_failed,baseline_build_failed,0,
garnet:0131,garnet,Extension,Microsoft.Extensions.Logging.ILogger,ILogger,LogError,parameterize_dependency,False,False,False,,baseline_build_failed,baseline_build_failed,0,
garnet:0135,garnet,Extension,Microsoft.Extensions.Logging.ILogger,ILogger,LogError,parameterize_dependency,False,False,False,,baseline_build_failed,baseline_build_failed,0,
garnet:0146,garnet,Extension,Microsoft.Extensions.Logging.ILogger,ILogger,LogTrace,parameterize_dependency,False,False,False,,baseline_build_failed,baseline_build_failed,0,
garnet:0152,garnet,Extension,Microsoft.Extensions.Logging.ILogger,ILogger,LogInformation,parameterize_dependency,False,False,False,,baseline_build_failed,baseline_build_failed,0,
garnet:0160,garnet,Extension,Microsoft.Extensions.Logging.ILogger,ILogger,LogError,parameterize_dependency,False,False,False,,baseline_build_failed,baseline_build_failed,0,
garnet:0163,garnet,Extension,Microsoft.Extensions.Logging.ILogger,ILogger,LogError,parameterize_dependency,False,False,False,,baseline_build_failed,baseline_build_failed,0,
garnet:0183,garnet,Extension,Microsoft.Extensions.Logging.ILogger,ILogger,LogInformation,parameterize_dependency,False,False,False,,baseline_build_failed,baseline_build_failed,0,
garnet:0191,garnet,Extension,Microsoft.Extensions.Logging.ILogger,ILogger,LogError,parameterize_dependency,False,False,False,,baseline_build_failed,baseline_build_failed,0,
garnet:0194,garnet,Extension,Microsoft.Extensions.Logging.ILogger,ILogger,LogInformation,parameterize_dependency,False,False,False,,baseline_build_failed,baseline_build_failed,0,
garnet:0200,garnet,Extension,Microsoft.Extensions.Logging.ILogger,ILogger,LogInformation,parameterize_dependency,False,False,False,,baseline_build_failed,baseline_build_failed,0,
garnet:0226,garnet,Extension,Microsoft.Extensions.Logging.ILogger,ILogger,LogInformation,parameterize_dependency,False,False,False,,baseline_build_failed,baseline_build_failed,0,
garnet:0228,garnet,Extension,Microsoft.Extensions.Logging.ILogger,ILogger,LogError,parameterize_dependency,False,False,False,,baseline_build_failed,baseline_build_failed,0,
garnet:0241,garnet,Extension,Microsoft.Extensions.Logging.ILogger,ILogger,LogError,parameterize_dependency,False,False,False,,baseline_build_failed,baseline_build_failed,0,
garnet:0247,garnet,Extension,Microsoft.Extensions.Logging.ILogger,ILogger,LogWarning,parameterize_dependency,False,False,False,,baseline_build_failed,baseline_build_failed,0,
garnet:0260,garnet,Extension,Microsoft.Extensions.Logging.ILogger,ILogger,LogError,parameterize_dependency,False,False,False,,baseline_build_failed,baseline_build_failed,0,
garnet:0289,garnet,Extension,Microsoft.Extensions.Logging.ILogger,ILogger,LogError,parameterize_dependency,False,False,False,,baseline_build_failed,baseline_build_failed,0,
garnet:0296,garnet,Extension,Microsoft.Extensions.Logging.ILogger,ILogger,LogError,parameterize_dependency,False,False,False,,baseline_build_failed,baseline_build_failed,0,
garnet:0377,garnet,Extension,Microsoft.Extensions.Logging.ILogger,ILogger,LogError,parameterize_dependency,False,False,False,,baseline_build_failed,baseline_build_failed,0,
garnet:0403,garnet,Extension,Microsoft.Extensions.Logging.ILogger,ILogger,LogInformation,parameterize_dependency,False,False,False,,baseline_build_failed,baseline_build_failed,0,
garnet:0413,garnet,Extension,Microsoft.Extensions.Logging.ILogger,ILogger,LogInformation,parameterize_dependency,False,False,False,,baseline_build_failed,baseline_build_failed,0,
garnet:0428,garnet,Extension,Microsoft.Extensions.Logging.ILogger,ILogger,LogError,parameterize_dependency,False,False,False,,baseline_build_failed,baseline_build_failed,0,
garnet:0438,garnet,Extension,Microsoft.Extensions.Logging.ILogger,ILogger,LogInformation,parameterize_dependency,False,False,False,,baseline_build_failed,baseline_build_failed,0,
garnet:0456,garnet,Extension,Microsoft.Extensions.Logging.ILogger,ILogger,LogError,parameterize_dependency,False,False,False,,baseline_build_failed,baseline_build_failed,0,
garnet:0468,garnet,Extension,Microsoft.Extensions.Logging.ILogger,ILogger,LogError,parameterize_dependency,False,False,False,,baseline_build_failed,baseline_build_failed,0,
garnet:0486,garnet,Extension,Microsoft.Extensions.Logging.ILogger,ILogger,LogWarning,parameterize_dependency,False,False,False,,baseline_build_failed,baseline_build_failed,0,
garnet:0572,garnet,Extension,Microsoft.Extensions.Logging.ILogger,ILogger,LogError,parameterize_dependency,False,False,False,,baseline_build_failed,baseline_build_failed,0,
garnet:0575,garnet,Extension,Microsoft.Extensions.Logging.ILogger,ILogger,LogWarning,parameterize_dependency,False,False,False,,baseline_build_failed,baseline_build_failed,0,
garnet:0636,garnet,Extension,Microsoft.Extensions.Logging.ILogger,ILogger,LogError,parameterize_dependency,False,False,False,,baseline_build_failed,baseline_build_failed,0,
garnet:0638,garnet,Extension,Microsoft.Extensions.Logging.ILogger,ILogger,LogError,parameterize_dependency,False,False,False,,baseline_build_failed,baseline_build_failed,0,
garnet:0649,garnet,Extension,Microsoft.Extensions.Logging.ILogger,ILogger,LogInformation,parameterize_dependency,False,False,False,,baseline_build_failed,baseline_build_failed,0,
garnet:0652,garnet,Extension,Microsoft.Extensions.Logging.ILogger,ILogger,LogInformation,parameterize_dependency,False,False,False,,baseline_build_failed,baseline_build_failed,0,
jellyfin:0165,jellyfin,Extension,Microsoft.Extensions.Logging.ILogger,ILogger,LogError,parameterize_dependency,False,False,False,,site_not_found,site_not_found,0,
jellyfin:0194,jellyfin,Extension,Microsoft.Extensions.Logging.ILogger,ILogger,LogError,parameterize_dependency,False,False,False,,site_not_found,site_not_found,0,
jellyfin:0245,jellyfin,Extension,Microsoft.Extensions.Logging.ILogger,ILogger,LogError,parameterize_dependency,False,False,False,,site_not_found,site_not_found,0,
jellyfin:0247,jellyfin,Extension,Microsoft.Extensions.Logging.ILogger,ILogger,LogInformation,parameterize_dependency,False,False,False,,site_not_found,site_not_found,0,
jellyfin:0264,jellyfin,Extension,Microsoft.Extensions.Logging.ILogger,ILogger,LogInformation,parameterize_dependency,False,False,False,,site_not_found,site_not_found,0,
server:0009,server,Extension,Microsoft.Extensions.DependencyInjection.IServiceScopeFactory,IServiceScopeFactory,CreateAsyncScope,parameterize_dependency,False,False,False,,baseline_build_failed,baseline_build_failed,0,
server:0015,server,Extension,Microsoft.Extensions.DependencyInjection.IServiceScopeFactory,IServiceScopeFactory,CreateAsyncScope,parameterize_dependency,False,False,False,,baseline_build_failed,baseline_build_failed,0,
server:0018,server,Extension,Microsoft.Extensions.DependencyInjection.IServiceScopeFactory,IServiceScopeFactory,CreateAsyncScope,parameterize_dependency,False,False,False,,baseline_build_failed,baseline_build_failed,0,
server:0021,server,Extension,Microsoft.Extensions.DependencyInjection.IServiceScopeFactory,IServiceScopeFactory,CreateAsyncScope,parameterize_dependency,False,False,False,,baseline_build_failed,baseline_build_failed,0,
server:0053,server,Extension,Microsoft.Extensions.Logging.ILogger,ILogger,LogWarning,parameterize_dependency,False,False,False,,baseline_build_failed,baseline_build_failed,0,
server:0067,server,Extension,Microsoft.Extensions.Logging.ILogger,ILogger,LogWarning,parameterize_dependency,False,False,False,,baseline_build_failed,baseline_build_failed,0,
server:0082,server,Extension,Microsoft.Extensions.Logging.ILogger,ILogger,LogDebug,parameterize_dependency,False,False,False,,baseline_build_failed,baseline_build_failed,0,
server:0083,server,Extension,Microsoft.Extensions.Logging.ILogger,ILogger,LogWarning,parameterize_dependency,False,False,False,,baseline_build_failed,baseline_build_failed,0,
server:0087,server,Extension,Microsoft.Extensions.Logging.ILogger,ILogger,LogWarning,parameterize_dependency,False,False,False,,baseline_build_failed,baseline_build_failed,0,
server:0100,server,Extension,Microsoft.Extensions.DependencyInjection.IServiceScopeFactory,IServiceScopeFactory,CreateAsyncScope,parameterize_dependency,False,False,False,,baseline_build_failed,baseline_build_failed,0,
server:0103,server,Extension,Microsoft.Extensions.DependencyInjection.IServiceScopeFactory,IServiceScopeFactory,CreateAsyncScope,parameterize_dependency,False,False,False,,baseline_build_failed,baseline_build_failed,0,
server:0113,server,Extension,System.IServiceProvider,IServiceProvider,GetRequiredService,parameterize_dependency,False,False,False,,baseline_build_failed,baseline_build_failed,0,
server:0115,server,Extension,System.IServiceProvider,IServiceProvider,GetRequiredService,parameterize_dependency,False,False,False,,baseline_build_failed,baseline_build_failed,0,
server:0119,server,Extension,Microsoft.Extensions.Configuration.IConfiguration,IConfiguration,GetValue,parameterize_dependency,False,False,False,,baseline_build_failed,baseline_build_failed,0,
server:0124,server,Extension,System.IServiceProvider,IServiceProvider,GetRequiredService,parameterize_dependency,False,False,False,,baseline_build_failed,baseline_build_failed,0,
server:0126,server,Extension,System.IServiceProvider,IServiceProvider,GetRequiredService,parameterize_dependency,False,False,False,,baseline_build_failed,baseline_build_failed,0,
server:0129,server,Extension,System.IServiceProvider,IServiceProvider,GetRequiredService,parameterize_dependency,False,False,False,,baseline_build_failed,baseline_build_failed,0,
server:0131,server,Extension,System.IServiceProvider,IServiceProvider,GetRequiredService,parameterize_dependency,False,False,False,,baseline_build_failed,baseline_build_failed,0,
server:0143,server,Extension,System.IServiceProvider,IServiceProvider,GetRequiredService,parameterize_dependency,False,False,False,,baseline_build_failed,baseline_build_failed,0,
server:0149,server,Extension,System.IServiceProvider,IServiceProvider,GetRequiredService,parameterize_dependency,False,False,False,,baseline_build_failed,baseline_build_failed,0,
server:0153,server,Extension,System.IServiceProvider,IServiceProvider,GetRequiredService,parameterize_dependency,False,False,False,,baseline_build_failed,baseline_build_failed,0,
server:0160,server,Extension,Microsoft.Extensions.Logging.ILogger,ILogger,LogInformation,parameterize_dependency,False,False,False,,baseline_build_failed,baseline_build_failed,0,
